Optional; From FLIMS,Optional; From FLIMS,"YBFMP (SHR, STTD, LIS); NDFA (All others); Shared (SHR, STTD, LIS during NDFS season)",Our station codes,From FLIMS/WDL. See Station Name to Number Tab.,Use sample code from FLIMS/WDL to connect field data and lab data,"Sampling Date; one station code-date/time combination per ""Sampling""","Sampling Time; one station code-date/time combination per ""Sampling""","Optional; for duplicate/replicate FIELD samples; individual sample numbers can be different between field and lab data, and can have two different times. Leave blank if NA.",Optional; for duplicate/replicate FIELD samples; individual sample collection date/time can be different between field and lab data. Leave blank if NA.,Optional; E.g. for duplicates/replicates or if we were collecting at different depths; individual sample collection date/time can be different between field and lab data. Leave blank if NA.,Should all be FIELD,,TRUE/FALSE,,,YSI Number,,,,,,,,,,,,,,,,,,,,,Data Type Collected? True/False,Data Type Collected? True/False,Data Type Collected? True/False,Data Type Collected? True/False,Data Type Collected? True/False,Data Type Collected? True/False,Data Type Collected? True/False,Data Type Collected? True/False,Comments pertaining to WQ collection,Anything important to note that was corrected from field sheet or during QAQC,,
Run Number ,Run Name,Measuring Program Name,Station Name,Station Number,Sampling Number (event),WDL SAM_COLLECTION_DATE,Collection Time,Sample Number,Sample Date,Sample Time,LabOrField,Recorder,Field Check,FieldChecker,Crew,YSI,WeatherCode,secchi,water.temp,DO.probe,sp.cond,EC,pH,Tide,microcyst,VegRank,turb,SurfaceIrr,Depth1Irr,Depth2Irr,Depth3Irr,Depth4Irr,SubIrr1,SubIrr2,SubIrr3,SubIrr4,LightData,DriftData,LarvalData,150_ZoopsData,50_ZoopsData,PhytoData,ChlData,NutrData,FieldComments_WQ,DataCorrectionComments,EnteredBy,QAQCBy
,,,,,WDL_SAM Code,"mm/dd/yyyy 2 digits per month, day",hh:mm (PST) ,,"mm/dd/yyyy 2 digits per month, day",hh:mm (PST),,,Boolean,,,SCAL,SCAL,M,DEGC,MGL,MISM,MISM,SCAL,Tide,SCAL,SCAL,FNU,M,M,M,M,M,UMSM,UMSM,UMSM,UMSM,BOOLEAN,BOOLEAN,BOOLEAN,BOOLEAN,BOOLEAN,BOOLEAN,BOOLEAN,BOOLEAN,,,,
,,NDFS,RMB,,ES0821B0116,08/02/2021,8:13,,,,FIELD,pfarman,TRUE,cpien,"cpien, jadams",2,CLR,0.08,24.5,2.91,1492,1477,8.42,Flood,1,1,240.5,,,,,,,,,,FALSE,FALSE,FALSE,FALSE,FALSE,TRUE,TRUE,TRUE,"double checked tide later, samples taken at less than a meter, too shallow","changed 150_zoop to FALSE, no tow taked due to it being too shallow (condition code 4)",ldixit,ehubbard
,,NDFS,WWT,,ES0821B0117,08/02/2021,10:10,,,,FIELD,pfarman,TRUE,jadams,"cpien, jadams",2,CLR,NA,23.7,1.74,964,939,7.41,NA,1,2,9,,,,,,,,,,FALSE,FALSE,FALSE,FALSE,FALSE,FALSE,FALSE,TRUE,"Secchi greater than 0.56m, hit the bottom, no shade possible due to veg, samples taken at less than a meter, too shallow, lot of sav (Datasheet says phyto/chla taken but it was not -LD)",,ldixit,ehubbard
,,NDFS,RD22,,ES0821B0118,08/02/2021,11:07,,,,FIELD,cpien,TRUE,pfarman,"jadams, pfarman",2,CLR,0.36,24.3,6.73,888,877,8.06,Flood,1,2,17.9,,,,,,,,,,FALSE,FALSE,FALSE,TRUE,FALSE,TRUE,TRUE,TRUE,Snagged something towards the end of tow but released,,ldixit,ehubbard
,,NDFS,DWT,,ES0821B0119,08/02/2021,8:15,,,,FIELD,ldixit,TRUE,mbedwell,"ldixit, mbedwell, jrobinson",1,CLR,0.12,23.4,2.78,1087,1055,7.59,NA,1,2,63.2,,,,,,,,,,FALSE,FALSE,FALSE,FALSE,FALSE,FALSE,FALSE,TRUE,,,ldixit,ehubbard
,,NDFS,I80,,ES0821B0120,08/02/2021,8:50,,,,FIELD,mbedwell,TRUE,jrobinson,"ldixit, mbedwell, jrobinson",1,CLR,0.91,22.2,1.04,1068,1010,7.28,NA,1,3,5.4,,,,,,,,,,FALSE,FALSE,FALSE,TRUE,FALSE,TRUE,TRUE,TRUE,lots of duckweed. Couldn’t paddle far to get enough revs. Had to turn and head downstream during tow. Went through duckweed and coontail patch.,,ldixit,ehubbard
,,Shared,LIS,,ES0821B0121,08/02/2021,10:16,,,,FIELD,jrobinson,TRUE,ldixit,"ldixit, mbedwell, jrobinson",1,CLR,0.38,23.2,7.79,310,299,7.99,Low,3,1,17,,,,,,,,,,FALSE,FALSE,FALSE,TRUE,FALSE,TRUE,TRUE,TRUE,,,ldixit,ehubbard
,,Shared,STTD,,ES0821B0122,08/03/2021,10:55,,,,FIELD,mgilbert,TRUE,gbigham,"mgilbert, gbigham, dbridgerman",1,CLR,1,22.6,7.63,251,239,8.35,Flood,2,1,10,2020,0.06,0.41,0.85,2.19,1517,1012,506,58.6,TRUE,TRUE,FALSE,TRUE,TRUE,TRUE,TRUE,TRUE,"WQ taken by USFWS, LA/Drift/Zoop taken by DWR",,ldixit,pfarman
,,NDFS,BL5,,ES0821B0123,08/03/2021,9:31,,,,FIELD,mgilbert,TRUE,gbigham,"mgilbert, gbigham, dbridgerman",1,CLR,0.65,20.7,7.76,239,219,8.53,slack,2,1,7.3,,,,,,,,,,FALSE,FALSE,FALSE,TRUE,FALSE,TRUE,TRUE,TRUE,tow 1 (DWR) pre/reset and around veg,,ldixit,ehubbard
,,NDFS,PRS,,ES0821B0124,08/03/2021,10:17,,,,FIELD,mgilbert,TRUE,gbigham,"mgilbert, gbigham, dbridgerman",1,CLR,1,20.7,8.09,229,210,8.55,slack,2,1,5.3,,,,,,,,,,FALSE,FALSE,FALSE,TRUE,FALSE,TRUE,TRUE,TRUE,,,ldixit,ehubbard
,,NDFS,LIB,,ES0821B0125,08/03/2021,9:21,,,,FIELD,mgilbert,TRUE,gbigham,"mgilbert, gbigham, dbridgerman",1,CLR,1.1,21.4,8.06,212,197,7.9,slack,2,1,3.9,,,,,,,,,,FALSE,FALSE,FALSE,TRUE,FALSE,TRUE,TRUE,TRUE,,,ldixit,ehubbard
,,NDFS,RYI,,ES0821B0126,08/03/2021,8:28,,,,FIELD,mgilbert,TRUE,gbigham,"mgilbert, gbigham, dbridgerman",1,CLR,0.8,21.7,8.29,210,197,8.09,ls,2,1,5.3,,,,,,,,,,FALSE,FALSE,FALSE,TRUE,FALSE,TRUE,TRUE,TRUE,,,ldixit,ehubbard
,,NDFS,RVB,,ES0821B0127,08/03/2021,7:13,,,,FIELD,mgilbert,TRUE,gbigham,"mgilbert, gbigham, dbridgerman",1,CLR,0.95,22.4,8.24,113,107,7.74,Ebb,2,1,7.9,,,,,,,,,,FALSE,FALSE,FALSE,TRUE,FALSE,TRUE,TRUE,TRUE,"shimofuri gobi (~25mm) released, close to shore due to wind",,ldixit,ehubbard
,,Shared,SHR,,ES0821B0133,08/03/2021,8:50,,,,FIELD,ldixit,TRUE,nikemiyagi,"ldixit, jrobinson, nikemiyagi",3,CLR,2,23.6,8.13,138,134,7.78,Ebb,1,1,5.6,1978.8,0.04,0.49,1.57,2.19,1486,983,494.8,311.8,TRUE,TRUE,FALSE,TRUE,TRUE,TRUE,TRUE,TRUE,,,ldixit,pfarman
,,NDFS,RMB,,ES0821B0134,08/16/2021,10:21,,,,FIELD,jrobinson,TRUE,pfarman,"pfarman, abrady",2,CLR,0.47,26.9,1.42,787,816,7.39,Flood,1,2,11.5,,,,,,,,,,FALSE,FALSE,FALSE,TRUE,FALSE,TRUE,TRUE,TRUE,Hazy,,ldixit,ehubbard
,,NDFS,WWT,,ES0821B0135,08/16/2021,9:00,,,,FIELD,pfarman,TRUE,abrady,"abrady, jrobinson",2,CLD,NA,24.6,1.36,910,903,7.2,Flood,1,2,8.1,,,,,,,,,,FALSE,FALSE,FALSE,FALSE,FALSE,FALSE,FALSE,TRUE,"Hazy, secchi hit bottom",,ldixit,ehubbard
,,NDFS,RD22,,ES0821B0136,08/16/2021,7:37,,,,FIELD,pfarman,TRUE,abrady,"abrady, jrobinson",2,CLD,0.39,23.2,4.87,888,858,7.66,Ebb,1,2,17.1,,,,,,,,,,FALSE,FALSE,FALSE,TRUE,FALSE,TRUE,TRUE,TRUE,Hazy,,ldixit,ehubbard
,,NDFS,DWT,,ES0821B0137,08/16/2021,8:29,,,,FIELD,ehubbard,TRUE,jadams,"jadams, ldixit",1,CLR,0.17,23.8,2.07,1051,1026,7.46,Flood,1,2,35.7,,,,,,,,,,FALSE,FALSE,FALSE,FALSE,FALSE,FALSE,FALSE,TRUE,only dipped 0.5 m because of depth,,ldixit,ehubbard
,,NDFS,I80,,ES0821B0138,08/16/2021,9:33,,,,FIELD,ldixit,TRUE,jadams,"ldixit, jadams, ehubbard",1,CLR,0.68,22.5,0.61,987,939,7.23,Flood,1,2,11.6,,,,,,,,,,FALSE,FALSE,FALSE,FALSE,FALSE,TRUE,TRUE,TRUE,"too much veg (condition code 4), couldn't do zoop150",,ldixit,ehubbard
,,Shared,LIS,,ES0821B0139,08/16/2021,10:50,,,,FIELD,ldixit,TRUE,jadams,"ldixit, jadams, ehubbard",1,CLR,0.42,25.4,7.67,290,292,7.92,Flood,2,1,13.8,,,,,,,,,,FALSE,FALSE,FALSE,TRUE,FALSE,TRUE,TRUE,TRUE,,,ldixit,ehubbard
,,Shared,STTD,,ES0821B0140,08/17/2021,10:47,,,,FIELD,mgilbert,TRUE,BB,"mgilbert, BB, PV",1,CLD,0.77,22.8,7.72,229,219,8.29,Flood,1,1,10.4,2038,0.02,0.08,0.62,2.19,1506,1018,506,34.7,TRUE,TRUE,FALSE,TRUE,TRUE,TRUE,TRUE,TRUE,"van dorn was broken, plunger closed by hand",,ldixit,ehubbard
,,NDFS,BL5,,ES0821B0141,08/17/2021,10:09,,,,FIELD,mgilbert,TRUE,BB,"mgilbert, BB, PV",1,CLR,1.08,21.8,7.33,216,203,8.27,Flood,1,1,7.3,,,,,,,,,,FALSE,FALSE,FALSE,TRUE,FALSE,TRUE,TRUE,TRUE,"van dorn snapped, water collected by closing plunger manually",,ldixit,ehubbard
,,NDFS,PRS,,ES0821B0142,08/17/2021,9:30,,,,FIELD,mgilbert,TRUE,BB,"mgilbert, BB, PV",1,CLR,0.95,21.6,7.4,212,198,8.09,Flood,1,1,7.1,,,,,,,,,,FALSE,FALSE,FALSE,TRUE,FALSE,TRUE,TRUE,TRUE,,,ldixit,ehubbard
,,NDFS,LIB,,ES0821B0143,08/17/2021,9:06,,,,FIELD,mgilbert,TRUE,BB,"mgilbert, BB, PV",1,CLR,1.8,21.8,7.7,204,192,7.79,Flood,1,1,3.6,,,,,,,,,,FALSE,FALSE,FALSE,TRUE,FALSE,TRUE,TRUE,TRUE,,,ldixit,ehubbard
,,NDFS,RYI,,ES0821B0144,08/17/2021,8:37,,,,FIELD,mgilbert,TRUE,BB,"mgilbert, BB, PV",1,CLR,1.73,22.4,7.91,205,194,7.96,Flood,1,1,4.8,,,,,,,,,,FALSE,FALSE,`FALSE,TRUE,FALSE,TRUE,TRUE,TRUE,site = RYI,,ldixit,ehubbard
,,NDFS,RVB,,ES0821B0145,08/17/2021,7:50,,,,FIELD,mgilbert,TRUE,BB,"mgilbert, BB, PV",1,CLR,1.35,22.9,7.97,226,217,7.79,Flood,2,1,6.1,,,,,,,,,,FALSE,FALSE,FALSE,TRUE,FALSE,TRUE,TRUE,TRUE,,,ldixit,ehubbard
,,Shared,SHR,,ES0821B0146,08/17/2021,7:55,,,,FIELD,nikemiyagi,TRUE,pfarman,"abrady, pfarman",2,CLD,1.7,23.4,8.97,148,143,7.8,Ebb,1,1,3.8,1598,0.03,0.06,0.62,2.19,1186,781,398,101.6,TRUE,TRUE,FALSE,TRUE,TRUE,TRUE,TRUE,TRUE,,,ldixit,ehubbard
,,NDFS,RMB,,ES0821B0152,08/30/2021,9:49,,,,FIELD,pfarman,TRUE,mbedwell,"mbedwell, abrady",1,CLR,0.27,24.0,4.54,666,653,7.59,Flood,1,2,26.4,,,,,,,,,,FALSE,FALSE,FALSE,TRUE,FALSE,TRUE,TRUE,TRUE,accidentally opened USGS bottle slightly before immersing,,ldixit,ehubbard
,,NDFS,WWT,,ES0821B0153,08/30/2021,8:49,,,,FIELD,pfarman,TRUE,mbedwell,"mbedwell, abrady",1,CLR,NA,22.9,1.98,882,847,7.12,Flood,1,3,7.1,,,,,,,,,,FALSE,FALSE,FALSE,FALSE,FALSE,FALSE,FALSE,TRUE,could not take secchi. Lots of veg. could not take water at 1m,,ldixit,ehubbard
,,NDFS,RD22,,ES0821B0154,08/30/2021,7:10,,,,FIELD,mbedwell,TRUE,pfarman,"abrady, mbedwell",1,CLR,0.49,22.2,8.2,762,721,7.63,Flood,1,2,12.6,,,,,,,,,,FALSE,FALSE,FALSE,TRUE,FALSE,TRUE,TRUE,TRUE,lots of primrose and duckweed at site. Had to shift under overpass,,ldixit,ehubbard
,,NDFS,DWT,,ES0821B0155,08/30/2021,8:03,,,,FIELD,ehubbard,TRUE,ldixit,"jrobinson, ldixit",2,CLR,0.14,24.2,3.96,1135,1118,8.08,Flood,1,2,47.8,,,,,,,,,,FALSE,FALSE,FALSE,FALSE,FALSE,FALSE,FALSE,TRUE,,,ldixit,ehubbard
,,NDFS,I80,,ES0821B0156,08/30/2021,8:40,,,,FIELD,ldixit,TRUE,ehubbard,"jrobinson, ehubbard",2,CLR,0.55,22.2,0.18,931,882,7.29,Flood,1,3,5.3,,,,,,,,,,FALSE,FALSE,FALSE,FALSE,FALSE,TRUE,TRUE,TRUE,"had to move veg to take water samples, too much veg couldn't do zoop150 tow",,ldixit,ehubbard
,,Shared,LIS,,ES0821B0157,08/30/2021,9:45,,,,FIELD,jrobinson,TRUE,ehubbard,"ehubbard, ldixit",2,CLR,0.29,23.0,7.33,340,327,7.7,Flood,2,1,22.2,,,,,,,,,,FALSE,FALSE,FALSE,TRUE,FALSE,TRUE,TRUE,TRUE,,,ldixit,ehubbard
,,Shared,STTD,,ES0821B0158,08/31/2021,11:06,,,,FIELD,mgilbert,FALSE,,"mgilbert, gbigham, PV",2,CLR,0.56,23.1,7.74,234,226,8.18,Flood,1,1,13.2,2226,0.05,0.34,0.78,2.19,1669.7,1119.8,558.7,51.62,TRUE,TRUE,FALSE,TRUE,TRUE,TRUE,TRUE,TRUE,,,ldixit,ehubbard
,,NDFS,BL5,,ES0821B0159,08/31/2021,10:16,,,,FIELD,mgilbert,FALSE,,"mgilbert, gbigham, PV",2,CLR,1.51,22.1,7.98,219,207,8.42,Flood,1,1,5.3,,,,,,,,,,FALSE,FALSE,FALSE,TRUE,FALSE,TRUE,TRUE,TRUE,,,ldixit,ehubbard
,,NDFS,PRS,,ES0821B0160,08/31/2021,10:01,,,,FIELD,mgilbert,TRUE,gbigham,"mgilber, gbigham, PV",2,CLR,1.49,22.1,8.34,214,202,8.71,Flood,1,1,5,,,,,,,,,,FALSE,FALSE,FALSE,TRUE,FALSE,TRUE,TRUE,TRUE,,,ldixit,ehubbard
,,NDFS,LIB,,ES0821B0161,08/31/2021,9:21,,,,FIELD,mgilbert,FALSE,,"mgilber, gbigham, PV",2,CLR,1.8,22.2,8.67,211,200,8.48,Flood,1,2,4.7,,,,,,,,,,FALSE,FALSE,FALSE,TRUE,FALSE,TRUE,TRUE,TRUE,,,ldixit,ehubbard
,,NDFS,RYI,,ES0821B0162,08/31/2021,8:43,,,,FIELD,mgilbert,TRUE,gbigham,"mgilber, gbigham, PV",2,CLR,1.8,22.3,8.83,212,202,8.11,Flood,1,1,4.9,,,,,,,,,,FALSE,FALSE,FALSE,TRUE,FALSE,TRUE,TRUE,TRUE,,,ldixit,ehubbard
,,NDFS,RVB,,ES0821B0163,08/31/2021,7:59,,,,FIELD,mgilbert,TRUE,gbigham,"mgilber, gbigham, PV",2,CLR,1.8,22.7,8.63,214,204,7.96,Flood,1,1,4.3,,,,,,,,,,FALSE,FALSE,FALSE,TRUE,FALSE,TRUE,TRUE,TRUE,One (_____),,ldixit,ehubbard
,,Shared,SHR,,ES0821B0164,08/31/2021,8:06,,,,FIELD,abrady,TRUE,cpien,"abrady, nikemiyagi",1,CLR,2.1,22.8,8.14,190,182,7.59,Ebb,1,1,3.4,2010,0.04,0.06,1.02,2.19,1522.5,1009.2,502.8,199.6,TRUE,TRUE,FALSE,TRUE,TRUE,TRUE,TRUE,TRUE,,,ldixit,ehubbard
,,NDFS,RMB,,ES0921B0188,09/13/2021,10:05,,,,FIELD,ehubbard,TRUE,mbedwell,"ldixit, mbedwell, ehubbard",1,CLR,0.28,24.9,4.15,664,663,7.63,Flood,1,1,23.5,,,,,,,,,,FALSE,FALSE,FALSE,TRUE,FALSE,TRUE,TRUE,TRUE,,,ldixit,ehubbard
,,NDFS,WWT,,ES0921B0189,09/13/2021,9:00,,,,FIELD,ldixit,TRUE,ehubbard,"ldixit, mbedwell, ehubbard",1,CLR,0.25,22.6,2.06,1106,1055,7.31,Flood,1,3,15.1,,,,,,,,,,FALSE,FALSE,FALSE,FALSE,FALSE,FALSE,FALSE,TRUE,,,ldixit,ehubbard
,,NDFS,RD22,,ES0921B0190,09/13/2021,7:25,,,,FIELD,ehubbard,TRUE,ldixit,"ldixit, mbedwell, ehubbard",1,CLD,0.53,22.9,3.49,876,841,7.58,Ebb,1,3,16.8,,,,,,,,,,FALSE,FALSE,FALSE,TRUE,FALSE,TRUE,TRUE,TRUE,,,ldixit,ehubbard
,,NDFS,DWT,,ES0921B0191,09/13/2021,8:05,,,,FIELD,pfarman,TRUE,abrady,"abrady, jrobinson",2,CLR,0.15,24.0,2.07,1030,1011,7.54,slack,1,2,50.2,,,,,,,,,,FALSE,FALSE,FALSE,FALSE,FALSE,FALSE,FALSE,TRUE,,,ldixit,ehubbard
,,NDFS,I80,,ES0921B0192,09/13/2021,8:45,,,,FIELD,abrady,TRUE,pfarman,"abrady, jrobinson",2,CLR,0.63,22.0,0.3,951,896,7.37,NA,1,3,13.8,,,,,,,,,,FALSE,FALSE,FALSE,FALSE,FALSE,TRUE,TRUE,TRUE,"Lots of SAV, EAV",,ldixit,ehubbard
,,Shared,LIS,,ES0921B0193,09/13/2021,9:46,,,,FIELD,jrobinson,TRUE,pfarman,"pfarman, abrady",2,CLR,0.49,23.5,3.01,416,404,7.33,Flood,1,2,14.2,,,,,,,,,,FALSE,FALSE,FALSE,TRUE,FALSE,TRUE,TRUE,TRUE,,,ldixit,ehubbard
,,Shared,STTD,,ES0921B0194,09/14/2021,11:34,,,,FIELD,gbigham,FALSE,,"mgilber, gbigham, PV, jadams",2,CLR,0.55,23.8,7.11,257,251,8.11,Flood,2,2,15.4,2083,0.04,0.21,0.52,2.19,1478,1057.9,526.5,23.32,TRUE,TRUE,FALSE,TRUE,TRUE,TRUE,TRUE,TRUE,towed downstream,,ldixit,ehubbard
,,NDFS,BL5,,ES0921B0195,09/14/2021,10:30,,,,FIELD,gbigham,TRUE,jadams,"mgilber, gbigham, PV, jadams",2,CLR,1.57,21.9,8.93,226,217,8.57,Flood,2,2,5.7,,,,,,,,,,FALSE,FALSE,FALSE,TRUE,FALSE,TRUE,TRUE,TRUE,,,ldixit,ehubbard
,,NDFS,PRS,,ES0921B0196,09/14/2021,9:59,,,,FIELD,gbigham,TRUE,jadams,"mgilber, gbigham, PV, jadams",2,CLR,1.33,22.9,8.2,223,214,8.33,Flood,2,2,6.6,,,,,,,,,,FALSE,FALSE,FALSE,TRUE,FALSE,TRUE,TRUE,TRUE,,,ldixit,ehubbard
,,NDFS,LIB,,ES0921B0197,09/14/2021,9:31,,,,FIELD,gbigham,FALSE,,"mgilber, gbigham, PV, jadams",2,CLR,1.7,23.0,8.22,222,214,8.29,Flood,1,2,5.1,,,,,,,,,,FALSE,FALSE,FALSE,TRUE,FALSE,TRUE,TRUE,TRUE,,,ldixit,ehubbard
,,NDFS,RYI,,ES0921B0198,09/14/2021,8:52,,,,FIELD,gbigham,TRUE,jadams,"mgilber, gbigham, PV, jadams",2,CLR,1.8,19.8,9.1,200,212,7.15,Flood,2,2,6.4,,,,,,,,,,FALSE,FALSE,FALSE,TRUE,FALSE,TRUE,TRUE,TRUE,,,ldixit,ehubbard
,,NDFS,RVB,,ES0921B0199,09/14/2021,8:05,,,,FIELD,mgilbert,TRUE,gbigham,"mgilber, gbigham, PV, jadams",2,CLR,1.8,23.4,8.01,218,211,8.01,Flood,1,1,3.8,,,,,,,,,,FALSE,FALSE,FALSE,TRUE,FALSE,TRUE,TRUE,TRUE,,,ldixit,ehubbard
,,Shared,SHR,,ES0921B0200,09/14/2021,7:51,,,,FIELD,nikemiyagi,TRUE,ldixit,"ldixit, ehubbard",1,CLR,2.1,23.3,7.87,188,182,7.71,Ebb,1,2,3.5,1534,0.04,0.06,0.7,2.19,1152.1,764.2,385.9,97.39,TRUE,TRUE,FALSE,TRUE,TRUE,TRUE,TRUE,TRUE,,,ldixit,ehubbard
,,NDFS,RMB,,ES0921B0206,09/27/2021,10:10,,,,FIELD,pfarman,TRUE,jrobinson,"abrady, jrobinson",1,CLR,0.3,21.3,6.11,571,531,7.67,Flood,1,1,16.1,,,,,,,,,,FALSE,FALSE,FALSE,TRUE,FALSE,TRUE,TRUE,TRUE,,,ehubbard,abrady
,,NDFS,WWT,,ES0921B0222,09/27/2021,9:11,,,,FIELD,pfarman,TRUE,abrady,"abrady, pfarman",1,CLR,0.21,21.2,14.51,1111,1031,7.47,Flood,1,2,25,,,,,,,,,,FALSE,FALSE,FALSE,FALSE,FALSE,FALSE,FALSE,TRUE,took sample below culvert due to veg overgrowth,,ehubbard,
,,NDFS,RD22,,ES0921B0208,09/27/2021,7:22,,,,FIELD,jrobinson,TRUE,pfarman,"abrady, pfarman",1,CLR,0.36,19.3,3.1,10000,892,7.53,Flood,1,2,16,,,,,,,,,,FALSE,FALSE,FALSE,TRUE,FALSE,TRUE,TRUE,TRUE,,,ehubbard,
,,NDFS,DWT,,ES0921B0209,09/27/2021,8:09,,,,FIELD,ehubbard,TRUE,cpien,"ldixit, cpien",3,CLR,0.1,19.4,4.44,877,782,7.48,Flood,1,3,87.1,,,,,,,,,,FALSE,FALSE,FLASE,FALSE,FALSE,FALSE,FALSE,TRUE,couldn’t sample a meter deep because it was too shallow,,ehubbard,
,,NDFS,I80,,ES0921B0210,09/27/2021,8:45,,,,FIELD,ehubbard,TRUE,ldixit,"ldixit, cpien",3,CLR,0.82,19.1,0.08,858,762,7.42,Flood,1,3,9.4,,,,,,,,,,FALSE,FALSE,FALSE,FALSE,FALSE,TRUE,TRUE,TRUE,"took sample under overpass, veg too dense in other location",,ehubbard,
,,Shared,LIS,,ES0921B0211,09/27/2021,9:44,,,,FIELD,cpien,TRUE,ldixit,"ldixit, ehubbard",3,CLR,0.24,20.1,7.84,274,249,7.95,Flood,2,1,31,,,,,,,,,,FALSE,FALSE,FALSE,TRUE,FALSE,TRUE,TRUE,TRUE,,,ehubbard,pfarman
,,Shared,STTD,,ES0921B0212,09/28/2021,11:25,,,,FIELD,mgilbert,TRUE,gbigham,"mgilber,gbigham,PV,jrobinson",2,CLR,0.75,19.1,8.08,143,216,8.36,Flood,1,2,13.8,2114,0.05,0.16,0.85,2.19,1579.1,1053,521.5,70.03,TRUE,TRUE,FALSE,TRUE,TRUE,TRUE,TRUE,TRUE,,,ehubbard,
,,NDFS,BL5,,ES0921B0213,09/28/2021,10:20,,,,FIELD,mgilbert,TRUE,gbigham,"mgilber,gbigham,PV,jrobinson",2,CLR,1.18,19.8,8.58,212,191,8.29,Flood,2,1,11.8,,,,,,,,,,FALSE,FALSE,FALSE,TRUE,FALSE,TRUE,TRUE,TRUE,,,ehubbard,
,,NDFS,PRS,,ES0921B0214,09/28/2021,9:40,,,,FIELD,mgilbert,TRUE,gbigham,"mgilber,gbigham,PV,jrobinson",2,CLR,1.07,19.9,8.63,209,189,8.28,Flood,1,1,11,,,,,,,,,,FALSE,FALSE,FALSE,TRUE,FALSE,TRUE,TRUE,TRUE,,,ehubbard,
,,NDFS,LIB,,ES0921B0215,09/28/2021,9:08,,,,FIELD,mgilbert,TRUE,gbigham,"mgilber,gbigham,PV,jrobinson",2,CLR,1.53,20.1,8.61,207,187,8.25,Flood,1,1,10.3,,,,,,,,,,FALSE,FALSE,FALSE,TRUE,FALSE,TRUE,TRUE,TRUE,,,ehubbard,
,,NDFS,RYI,,ES0921B0216,09/28/2021,8:16,,,,FIELD,mgilbert,TRUE,gbigham,"mgilber,gbigham,PV,jrobinson",2,CLR,1.4,20.4,8.6,192,175,8.11,Flood,2,1,9.9,,,,,,,,,,FALSE,FALSE,FALSE,TRUE,FALSE,TRUE,TRUE,TRUE,microcyctis took from zoop ,,ehubbard,
,,NDFS,RVB,,ES0921B0217,09/28/2021,7:15,,,,FIELD,mgilbert,TRUE,gbigham,"mgilber,gbigham,PV,jrobinson",2,CLR,1.55,20.6,8.52,210,192,8.07,Flood,1,1,10.1,,,,,,,,,,FALSE,FALSE,FALSE,TRUE,FALSE,TRUE,TRUE,TRUE,,,ehubbard,
,,Shared,SHR,,ES0921B0218,09/28/2021,8:10,,,,FIELD,nikemiyagi,TRUE,pfarman,"pfarman, abrady",2,CLD,3,20.1,8.62,137,124,7.96,Flood,1,1,3.3,1731.5,0.04,0.06,0.63,2.19,1204,861,456,161,TRUE,TRUE,FALSE,TRUE,TRUE,TRUE,TRUE,TRUE,,,ehubbard,pfarman
,,NDFS,RMB,,ES1021B0260,10/11/2021,9:46,,,,FIELD,mbedwell,TRUE,ldixit,"nikemiyagi, ldixit",3,WND,0.19,16.2,8.23,650,540,8.03,NA,1,2,38.2,,,,,,,,,,FALSE,FALSE,FALSE,TRUE,FALSE,TRUE,TRUE,TRUE,,,ldixit,ehubbard
,,NDFS,WWT,,ES1021B0261,10/11/2021,8:42,,,,FIELD,ldixit,TRUE,nikemiyagi,"nikemiyagi, ldixit, mbedwell",3,WND,NA,18.3,4.74,856,746,7.45,NA,1,3,13.4,,,,,,,,,,FALSE,FALSE,FALSE,FALSE,FALSE,FALSE,FALSE,TRUE,,,ldixit,ehubbard
,,NDFS,RD22,,ES1021B0262,10/11/2021,7:20,,,,FIELD,mbedwell,TRUE,ldixit,"nikemiyagi, ldixit",3,WND,0.43,17.2,3.76,861,733,7.63,NA,1,3,29.8,,,,,,,,,,FALSE,FALSE,FALSE,TRUE,FALSE,TRUE,TRUE,TRUE,,,ldixit,ehubbard
,,NDFS,I80,,ES1021B0264,10/11/2021,8:40,,,,FIELD,ehubbard,TRUE ,abrady,"abrady, jrobinson",1,CLR,NA,15.9,1.01,332,274,6.87,NA,1,2,7.8,,,,,,,,,,FALSE,FALSE,FALSE,FALSE,FALSE,TRUE,TRUE,TRUE,"Also, can't get a meter down for water grabs, secchi hit bottom. Not enough water for zooplankton tow (too much veg)",,ldixit,ehubbard
,,Shared,LIS,,ES1021B0265,10/11/2021,9:34,,,,FIELD,jrobinson,TRUE ,abrady,"abrady, ehubbard",1,CLR,0.31,16.7,8.58,235,198,8.04,Flood,1,1,22.6,,,,,,,,,,FALSE,FALSE,FALSE,TRUE,FALSE,TRUE,TRUE,TRUE,"super windy!, ran out of LIS water during filtering, used quart LIS water + 1 DI water to rinse, filled 40 ml glass amber with Quart water.",,ldixit,ehubbard
,,Shared,STTD,,ES1021B0266,10/13/2021,11:07,,,,FIELD,gbigham,TRUE,mbedwell,"mbedwell, pv, mgilbert",1,CLR,0.64,14.0,9.42,2248,1777,8.15,Flood,1,1,12.2,2262,0.03,0.16,0.43,1.34,1668.85,1137,561,22.1,TRUE,TRUE,FALSE,TRUE,TRUE,TRUE,TRUE,TRUE,,,ldixit,ehubbard
,,NDFS,BL5,,ES1021B0267,10/13/2021,9:58,,,,FIELD,gbigham,TRUE ,mgilbert,"mbedwell, pv, mgilbert",1,CLD,0.65,15.0,9.11,196,159,7.99,Flood,1,2,13.6,,,,,,,,,,FALSE,FALSE,FALSE,TRUE,FALSE,TRUE,TRUE,TRUE,,,ldixit,ehubbard
,,NDFS,PRS,,ES1021B0268,10/13/2021,9:28,,,,FIELD,gbigham,TRUE ,mgilbert,"mbedwell, pv, mgilbert",1,CLD,0.66,15.5,9.14,192,157,8.02,Flood,1,1,11.4,,,,,,,,,,FALSE,FALSE,FALSE,TRUE,FALSE,TRUE,TRUE,TRUE,,,ldixit,ehubbard
,,NDFS,LIB,,ES1021B0269,10/13/2021,8:48,,,,FIELD,gbigham,TRUE,mgilbert,"mbedwell, pv, mgilbert",1,CLR,0.87,15.6,9.16,190,156,8.62,Flood,1,1,9.8,,,,,,,,,,FALSE,FALSE,FALSE,TRUE,FALSE,TRUE,TRUE,TRUE,,,ldixit,ehubbard
,,NDFS,RYI,,ES1021B0270,10/13/2021,8:14,,,,FIELD,gbigham,TRUE,mgilbert,"mbedwell, pv, mgilbert",1,CLD,0.77,15.8,9.17,183,151,8.02,Flood,1,1,9.4,,,,,,,,,,FALSE,FALSE,FALSE,TRUE,FALSE,TRUE,TRUE,TRUE,,,ldixit,ehubbard
,,NDFS,RVB,,ES1021B0271,10/13/2021,7:09,,,,FIELD,gbigham,TRUE ,mgilbert,"mbedwell, pv, mgilbert",1,CLD,0.95,16.3,9.11,194,161,8.01,Flood,1,1,7.8,,,,,,,,,,FALSE,FALSE,FALSE,TRUE,FALSE,TRUE,TRUE,TRUE,completed 2 tows for QC,,ldixit,ehubbard
,,Shared,SHR,,ES1021B0272,10/13/2021,8:24,,,,FIELD,abrady,TRUE,ldixit,"abrady, ldixit, nikemiyagi",3,CLR,2.79,15.3,9.45,134,109,7.99,Flood,1,1,8.4,1971.8,0.05,0.07,0.98,2.19,1479,986.5,494.9,230.3,TRUE,TRUE,FALSE,TRUE,TRUE,TRUE,TRUE,TRUE,,,ldixit,ehubbard
